Handset_Type,Handset_Manufacturer,Handset_ID
Galaxy S10,Samsung,1
iPhone 11 Pro,Apple,2
Galaxy A50,Samsung,3
iPhone XS,Apple,4
F11 Pro,OPPO,5
P30 Lite,Huawei,6
Galaxy S20,Samsung,7
Galaxy A10,Samsung,8
P20 Lite,Huawei,9
Galaxy Note 10,Samsung,10
Mate 20 Lite,Huawei,11
Honor 8X,Apple,12
A3s,OPPO,13
iPhone 12,Apple,14
iPhone 8,Apple,15
Honor 8X,Huawei,16
Y7 Prime,Huawei,17
Redmi 7,Xiaomi,18
iPhone 11,Apple,19
Redmi Note 7,Xiaomi,20
Redmi 7,Apple,21
Axon 10 Pro,ZTE,22
A9,OPPO,23
A5,OPPO,24
iPhone 12,Huawei,25
Reno 2,OPPO,26
Blade A5,ZTE,27
Mi A3,Xiaomi,28
Blade V10,ZTE,29
iPhone 12,ZTE,30
iPhone 12,Samsung,31
Galaxy S10,Apple,32
Redmi Note 8,Xiaomi,33
Galaxy A50,Apple,34
Mi 9T,Xiaomi,35
iPhone 12,OPPO,36
Blade L8,ZTE,37
Blade V9,ZTE,38
Galaxy S20,Apple,39
F11 Pro,Apple,40
Y7 Prime,Apple,41
P20 Lite,Apple,42
Blade L8,Apple,43
Reno 2,Apple,44
Galaxy A10,Apple,45
Blade A5,Apple,46
Mi A3,Apple,47
Blade V10,Apple,48
Galaxy Note 10,Apple,49
iPhone 12,Xiaomi,50
Redmi Note 7,Apple,51
Mate 20 Lite,Apple,52
Axon 10 Pro,Apple,53
P30 Lite,Apple,54
A3s,Apple,55
A9,Apple,56
